58389064,Penn,0.23,http://dummyimage.com/177x100.png/cc0000/ffffff,81450 Lakewood Gardens Avenue,Duis consequat dui nec nisi volutpat eleifend. Donec ut dolor. Morbi vel lectus in quam fringilla rhoncus.
59214938,Ruby,1.97,http://dummyimage.com/233x100.png/ff4444/ffffff,25 Eagle Crest Street,Vestibulum quam sapien, varius ut, blandit non, interdum in, ante. Vestibulum ante ipsum primis in faucibus orci luctus et ultrices posuere cubilia Curae; Duis faucibus accumsan odio. Curabitur convallis.
62106051,Drake,1.66,http://dummyimage.com/239x100.png/ff4444/ffffff,776 Gina Center,Vestibulum ac est lacinia nisi venenatis tristique. Fusce congue, diam id ornare imperdiet, sapien urna pretium nisl, ut volutpat sapien arcu sed augue. Aliquam erat volutpat.
63169825,Diego,2.04,http://dummyimage.com/211x100.png/dddddd/000000,3600 Division Junction,Maecenas ut massa quis augue luctus tincidunt. Nulla mollis molestie lorem. Quisque ut erat.
63474137,Cassi,3.84,http://dummyimage.com/219x100.png/cc0000/ffffff,8 Loftsgordon Junction,Integer ac leo. Pellentesque ultrices mattis odio. Donec vitae nisi.
66163351,Malvin,3.46,http://dummyimage.com/206x100.png/ff4444/ffffff,6751 Northwestern Circle,Quisque id justo sit amet sapien dignissim vestibulum. Vestibulum ante ipsum primis in faucibus orci luctus et ultrices posuere cubilia Curae; Nulla dapibus dolor vel est. Donec odio justo, sollicitudin ut, suscipit a, feugiat et, eros.
66670513,Alric,0.97,http://dummyimage.com/240x100.png/ff4444/ffffff,0967 Schurz Trail,Aliquam quis turpis eget elit sodales scelerisque. Mauris sit amet eros. Suspendisse accumsan tortor quis turpis.
68908830,Lindsey,2.66,http://dummyimage.com/177x100.png/dddddd/000000,1 Golden Leaf Road,Integer tincidunt ante vel ipsum. Praesent blandit lacinia erat. Vestibulum sed magna at nunc commodo placerat.
69743901,Guenevere,3.23,http://dummyimage.com/209x100.png/5fa2dd/ffffff,987 Glendale Plaza,Vestibulum quam sapien, varius ut, blandit non, interdum in, ante. Vestibulum ante ipsum primis in faucibus orci luctus et ultrices posuere cubilia Curae; Duis faucibus accumsan odio. Curabitur convallis.
71723302,Korry,0.03,http://dummyimage.com/119x100.png/cc0000/ffffff,58853 Petterle Circle,Nullam sit amet turpis elementum ligula vehicula consequat. Morbi a ipsum. Integer a nibh.
72802787,Guss,1.02,http://dummyimage.com/196x100.png/cc0000/ffffff,30180 Ridgeway Circle,Sed ante. Vivamus tortor. Duis mattis egestas metus.
73763742,Erich,2.28,http://dummyimage.com/198x100.png/dddddd/000000,646 Petterle Way,Fusce consequat. Nulla nisl. Nunc nisl.
75415279,Base,2.01,http://dummyimage.com/172x100.png/5fa2dd/ffffff,394 Coolidge Junction,Morbi non lectus. Aliquam sit amet diam in magna bibendum imperdiet. Nullam orci pede, venenatis non, sodales sed, tincidunt eu, felis.
76634574,Prinz,2.66,http://dummyimage.com/138x100.png/5fa2dd/ffffff,90 Pankratz Center,In hac habitasse platea dictumst. Morbi vestibulum, velit id pretium iaculis, diam erat fermentum justo, nec condimentum neque sapien placerat ante. Nulla justo.
77757502,Tristam,1.07,http://dummyimage.com/165x100.png/dddddd/000000,39 Springview Plaza,Cum sociis natoque penatibus et magnis dis parturient montes, nascetur ridiculus mus. Vivamus vestibulum sagittis sapien. Cum sociis natoque penatibus et magnis dis parturient montes, nascetur ridiculus mus.
77787179,Bartram,1.96,http://dummyimage.com/187x100.png/cc0000/ffffff,58509 Springs Hill,Nam ultrices, libero non mattis pulvinar, nulla pede ullamcorper augue, a suscipit nulla elit ac nulla. Sed vel enim sit amet nunc viverra dapibus. Nulla suscipit ligula in lacus.
78196475,Florentia,0.15,http://dummyimage.com/206x100.png/ff4444/ffffff,8882 Ramsey Place,Aenean lectus. Pellentesque eget nunc. Donec quis orci eget orci vehicula condimentum.
78256330,Reade,3.74,http://dummyimage.com/113x100.png/cc0000/ffffff,5359 Harper Terrace,Praesent blandit. Nam nulla. Integer pede justo, lacinia eget, tincidunt eget, tempus vel, pede.
80706054,Hector,2.34,http://dummyimage.com/200x100.png/dddddd/000000,852 Forest Run Way,Mauris enim leo, rhoncus sed, vestibulum sit amet, cursus id, turpis. Integer aliquet, massa id lobortis convallis, tortor risus dapibus augue, vel accumsan tellus nisi eu orci. Mauris lacinia sapien quis libero.
81798610,Nat,1.69,http://dummyimage.com/114x100.png/ff4444/ffffff,255 Dayton Place,Sed sagittis. Nam congue, risus semper porta volutpat, quam pede lobortis ligula, sit amet eleifend pede libero quis orci. Nullam molestie nibh in lectus.
82520793,Riki,2.44,http://dummyimage.com/229x100.png/dddddd/000000,6 American Ash Terrace,Integer ac leo. Pellentesque ultrices mattis odio. Donec vitae nisi.
83686130,Willabella,3.99,http://dummyimage.com/239x100.png/cc0000/ffffff,3924 Onsgard Avenue,Duis consequat dui nec nisi volutpat eleifend. Donec ut dolor. Morbi vel lectus in quam fringilla rhoncus.
84633673,Mendie,1.97,http://dummyimage.com/200x100.png/5fa2dd/ffffff,39085 Blaine Court,Etiam vel augue. Vestibulum rutrum rutrum neque. Aenean auctor gravida sem.
85360278,Freddi,0.12,http://dummyimage.com/212x100.png/5fa2dd/ffffff,51271 Scott Point,Nullam sit amet turpis elementum ligula vehicula consequat. Morbi a ipsum. Integer a nibh.
86309335,Niels,1.04,http://dummyimage.com/228x100.png/cc0000/ffffff,0 Sachtjen Circle,In quis justo. Maecenas rhoncus aliquam lacus. Morbi quis tortor id nulla ultrices aliquet.
88601035,Del,2.64,http://dummyimage.com/138x100.png/cc0000/ffffff,78567 Delladonna Way,Morbi porttitor lorem id ligula. Suspendisse ornare consequat lectus. In est risus, auctor sed, tristique in, tempus sit amet, sem.
90381663,Bart,2.27,http://dummyimage.com/152x100.png/ff4444/ffffff,11753 Sutteridge Center,Nam ultrices, libero non mattis pulvinar, nulla pede ullamcorper augue, a suscipit nulla elit ac nulla. Sed vel enim sit amet nunc viverra dapibus. Nulla suscipit ligula in lacus.
90549743,Ewell,0.26,http://dummyimage.com/103x100.png/5fa2dd/ffffff,7 Arkansas Court,Duis aliquam convallis nunc. Proin at turpis a pede posuere nonummy. Integer non velit.
92103975,Bree,2.4,http://dummyimage.com/117x100.png/ff4444/ffffff,1716 Arizona Pass,Vestibulum quam sapien, varius ut, blandit non, interdum in, ante. Vestibulum ante ipsum primis in faucibus orci luctus et ultrices posuere cubilia Curae; Duis faucibus accumsan odio. Curabitur convallis.
92335388,Doralynne,0.31,http://dummyimage.com/159x100.png/cc0000/ffffff,828 Weeping Birch Trail,Proin interdum mauris non ligula pellentesque ultrices. Phasellus id sapien in sapien iaculis congue. Vivamus metus arcu, adipiscing molestie, hendrerit at, vulputate vitae, nisl.
92739088,Janela,0.06,http://dummyimage.com/122x100.png/5fa2dd/ffffff,9266 Raven Way,Curabitur gravida nisi at nibh. In hac habitasse platea dictumst. Aliquam augue quam, sollicitudin vitae, consectetuer eget, rutrum at, lorem.
92751344,Micki,2.36,http://dummyimage.com/205x100.png/5fa2dd/ffffff,6 Rusk Street,Maecenas leo odio, condimentum id, luctus nec, molestie sed, justo. Pellentesque viverra pede ac diam. Cras pellentesque volutpat dui.
93416359,Livvy,1.03,http://dummyimage.com/234x100.png/dddddd/000000,92 Lillian Avenue,Duis bibendum. Morbi non quam nec dui luctus rutrum. Nulla tellus.
97779691,Adrien,2.96,http://dummyimage.com/201x100.png/cc0000/ffffff,1 Stuart Road,Pellentesque at nulla. Suspendisse potenti. Cras in purus eu magna vulputate luctus.
98701900,Dante,3.75,http://dummyimage.com/128x100.png/5fa2dd/ffffff,064 Schlimgen Parkway,Cum sociis natoque penatibus et magnis dis parturient montes, nascetur ridiculus mus. Vivamus vestibulum sagittis sapien. Cum sociis natoque penatibus et magnis dis parturient montes, nascetur ridiculus mus.
00135624,Kassandra,2.58,http://dummyimage.com/208x100.png/cc0000/ffffff,3 Eastlawn Junction,Nullam sit amet turpis elementum ligula vehicula consequat. Morbi a ipsum. Integer a nibh.
00523765,Gerek,1.68,http://dummyimage.com/113x100.png/ff4444/ffffff,30 Brentwood Court,Aenean fermentum. Donec ut mauris eget massa tempor convallis. Nulla neque libero, convallis eget, eleifend luctus, ultricies eu, nibh.
02548311,Tamara,3.68,http://dummyimage.com/191x100.png/ff4444/ffffff,9884 Maple Trail,Proin leo odio, porttitor id, consequat in, consequat ut, nulla. Sed accumsan felis. Ut at dolor quis odio consequat varius.
03514891,Peggie,0.98,http://dummyimage.com/228x100.png/ff4444/ffffff,252 Fairfield Pass,Duis aliquam convallis nunc. Proin at turpis a pede posuere nonummy. Integer non velit.
04895006,Carrie,1.94,http://dummyimage.com/130x100.png/dddddd/000000,257 Cascade Alley,Cras mi pede, malesuada in, imperdiet et, commodo vulputate, justo. In blandit ultrices enim. Lorem ipsum dolor sit amet, consectetuer adipiscing elit.
05022040,Roanne,3.5,http://dummyimage.com/245x100.png/cc0000/ffffff,3070 Glacier Hill Circle,Cum sociis natoque penatibus et magnis dis parturient montes, nascetur ridiculus mus. Vivamus vestibulum sagittis sapien. Cum sociis natoque penatibus et magnis dis parturient montes, nascetur ridiculus mus.
07000667,Kris,0.35,http://dummyimage.com/110x100.png/cc0000/ffffff,1128 Kipling Crossing,Proin eu mi. Nulla ac enim. In tempor, turpis nec euismod scelerisque, quam turpis adipiscing lorem, vitae mattis nibh ligula nec sem.
07309121,Truman,0.57,http://dummyimage.com/181x100.png/5fa2dd/ffffff,2 Dunning Trail,Proin leo odio, porttitor id, consequat in, consequat ut, nulla. Sed accumsan felis. Ut at dolor quis odio consequat varius.
07342824,Emmi,1.51,http://dummyimage.com/183x100.png/ff4444/ffffff,51 Monica Avenue,Nullam sit amet turpis elementum ligula vehicula consequat. Morbi a ipsum. Integer a nibh.
08642121,Nancee,0.44,http://dummyimage.com/149x100.png/dddddd/000000,95 Merrick Street,Aenean fermentum. Donec ut mauris eget massa tempor convallis. Nulla neque libero, convallis eget, eleifend luctus, ultricies eu, nibh.
09293553,Danya,3.95,http://dummyimage.com/242x100.png/dddddd/000000,4 Express Point,Quisque porta volutpat erat. Quisque erat eros, viverra eget, congue eget, semper rutrum, nulla. Nunc purus.
09768174,Red,3.17,http://dummyimage.com/155x100.png/ff4444/ffffff,285 Rockefeller Pass,Praesent blandit. Nam nulla. Integer pede justo, lacinia eget, tincidunt eget, tempus vel, pede.
10117360,Barnett,3.97,http://dummyimage.com/133x100.png/cc0000/ffffff,5 Crowley Court,Morbi non lectus. Aliquam sit amet diam in magna bibendum imperdiet. Nullam orci pede, venenatis non, sodales sed, tincidunt eu, felis.
10530539,Salmon,2.67,http://dummyimage.com/117x100.png/5fa2dd/ffffff,6583 Daystar Place,Integer ac leo. Pellentesque ultrices mattis odio. Donec vitae nisi.
11614715,Claresta,2.21,http://dummyimage.com/121x100.png/dddddd/000000,1397 Laurel Terrace,Cras mi pede, malesuada in, imperdiet et, commodo vulputate, justo. In blandit ultrices enim. Lorem ipsum dolor sit amet, consectetuer adipiscing elit.
12245887,Addison,3.06,http://dummyimage.com/182x100.png/cc0000/ffffff,9409 Scofield Point,Maecenas ut massa quis augue luctus tincidunt. Nulla mollis molestie lorem. Quisque ut erat.
12553395,Beverly,0.1,http://dummyimage.com/190x100.png/ff4444/ffffff,597 Scott Crossing,Phasellus sit amet erat. Nulla tempus. Vivamus in felis eu sapien cursus vestibulum.
13591459,Janet,0.43,http://dummyimage.com/170x100.png/ff4444/ffffff,314 Golf Course Avenue,In quis justo. Maecenas rhoncus aliquam lacus. Morbi quis tortor id nulla ultrices aliquet.
15512409,Silvan,0.98,http://dummyimage.com/219x100.png/cc0000/ffffff,94418 Arrowood Place,Cum sociis natoque penatibus et magnis dis parturient montes, nascetur ridiculus mus. Vivamus vestibulum sagittis sapien. Cum sociis natoque penatibus et magnis dis parturient montes, nascetur ridiculus mus.
17097779,Kala,1.85,http://dummyimage.com/139x100.png/cc0000/ffffff,37645 Sheridan Trail,Duis aliquam convallis nunc. Proin at turpis a pede posuere nonummy. Integer non velit.
17723454,Blythe,1.34,http://dummyimage.com/108x100.png/ff4444/ffffff,430 Commercial Hill,Praesent id massa id nisl venenatis lacinia. Aenean sit amet justo. Morbi ut odio.
18278486,Riannon,2.5,http://dummyimage.com/239x100.png/5fa2dd/ffffff,4977 Fisk Lane,Aenean lectus. Pellentesque eget nunc. Donec quis orci eget orci vehicula condimentum.
18619157,Bethanne,0.3,http://dummyimage.com/153x100.png/dddddd/000000,1 Sunbrook Road,Curabitur in libero ut massa volutpat convallis. Morbi odio odio, elementum eu, interdum eu, tincidunt in, leo. Maecenas pulvinar lobortis est.
20422320,Antonin,3.97,http://dummyimage.com/159x100.png/ff4444/ffffff,76 Spenser Street,Maecenas leo odio, condimentum id, luctus nec, molestie sed, justo. Pellentesque viverra pede ac diam. Cras pellentesque volutpat dui.
21058907,Serge,2.64,http://dummyimage.com/105x100.png/cc0000/ffffff,3 Glacier Hill Road,Quisque porta volutpat erat. Quisque erat eros, viverra eget, congue eget, semper rutrum, nulla. Nunc purus.
22293381,Brody,2.0,http://dummyimage.com/151x100.png/ff4444/ffffff,28 Del Mar Drive,Fusce consequat. Nulla nisl. Nunc nisl.
22418084,Jan,2.71,http://dummyimage.com/214x100.png/5fa2dd/ffffff,42 Londonderry Junction,Curabitur in libero ut massa volutpat convallis. Morbi odio odio, elementum eu, interdum eu, tincidunt in, leo. Maecenas pulvinar lobortis est.
24454236,Allene,1.76,http://dummyimage.com/176x100.png/cc0000/ffffff,6 Huxley Pass,Nam ultrices, libero non mattis pulvinar, nulla pede ullamcorper augue, a suscipit nulla elit ac nulla. Sed vel enim sit amet nunc viverra dapibus. Nulla suscipit ligula in lacus.
24692943,Raddie,2.98,http://dummyimage.com/149x100.png/cc0000/ffffff,9 Alpine Crossing,Integer tincidunt ante vel ipsum. Praesent blandit lacinia erat. Vestibulum sed magna at nunc commodo placerat.
25275769,Mavis,2.31,http://dummyimage.com/221x100.png/5fa2dd/ffffff,3 Surrey Point,Quisque id justo sit amet sapien dignissim vestibulum. Vestibulum ante ipsum primis in faucibus orci luctus et ultrices posuere cubilia Curae; Nulla dapibus dolor vel est. Donec odio justo, sollicitudin ut, suscipit a, feugiat et, eros.
25724833,Melamie,1.46,http://dummyimage.com/128x100.png/ff4444/ffffff,10432 Tennyson Park,Curabitur at ipsum ac tellus semper interdum. Mauris ullamcorper purus sit amet nulla. Quisque arcu libero, rutrum ac, lobortis vel, dapibus at, diam.
26303170,Jeannie,1.41,http://dummyimage.com/158x100.png/dddddd/000000,82 Everett Lane,Praesent blandit. Nam nulla. Integer pede justo, lacinia eget, tincidunt eget, tempus vel, pede.
26992758,Pru,3.46,http://dummyimage.com/186x100.png/dddddd/000000,28 Lindbergh Street,Morbi porttitor lorem id ligula. Suspendisse ornare consequat lectus. In est risus, auctor sed, tristique in, tempus sit amet, sem.
27528058,Danette,0.34,http://dummyimage.com/127x100.png/cc0000/ffffff,47443 Londonderry Terrace,Maecenas leo odio, condimentum id, luctus nec, molestie sed, justo. Pellentesque viverra pede ac diam. Cras pellentesque volutpat dui.
29718809,Aubrey,3.77,http://dummyimage.com/119x100.png/cc0000/ffffff,9628 Mayer Circle,Cras mi pede, malesuada in, imperdiet et, commodo vulputate, justo. In blandit ultrices enim. Lorem ipsum dolor sit amet, consectetuer adipiscing elit.
30313852,Ivonne,3.44,http://dummyimage.com/212x100.png/ff4444/ffffff,57 Homewood Street,Phasellus in felis. Donec semper sapien a libero. Nam dui.
31075032,Urban,0.38,http://dummyimage.com/176x100.png/cc0000/ffffff,2297 Vahlen Junction,In hac habitasse platea dictumst. Morbi vestibulum, velit id pretium iaculis, diam erat fermentum justo, nec condimentum neque sapien placerat ante. Nulla justo.
31887968,Saunderson,1.06,http://dummyimage.com/135x100.png/cc0000/ffffff,40509 Burning Wood Street,Nullam porttitor lacus at turpis. Donec posuere metus vitae ipsum. Aliquam non mauris.
33193483,Rina,1.53,http://dummyimage.com/147x100.png/5fa2dd/ffffff,68 Ludington Place,Duis bibendum. Morbi non quam nec dui luctus rutrum. Nulla tellus.
34616553,Keefer,0.92,http://dummyimage.com/114x100.png/5fa2dd/ffffff,9 Rockefeller Terrace,Nullam porttitor lacus at turpis. Donec posuere metus vitae ipsum. Aliquam non mauris.
35619170,Creighton,0.97,http://dummyimage.com/189x100.png/dddddd/000000,037 Vermont Way,In congue. Etiam justo. Etiam pretium iaculis justo.
36468713,Whitney,1.72,http://dummyimage.com/229x100.png/dddddd/000000,0 Meadow Vale Lane,Proin interdum mauris non ligula pellentesque ultrices. Phasellus id sapien in sapien iaculis congue. Vivamus metus arcu, adipiscing molestie, hendrerit at, vulputate vitae, nisl.
36545331,Dane,3.15,http://dummyimage.com/154x100.png/5fa2dd/ffffff,7162 Talisman Terrace,Morbi non lectus. Aliquam sit amet diam in magna bibendum imperdiet. Nullam orci pede, venenatis non, sodales sed, tincidunt eu, felis.
37706962,Twila,1.96,http://dummyimage.com/160x100.png/5fa2dd/ffffff,6017 Village Green Place,Fusce consequat. Nulla nisl. Nunc nisl.
40249808,Corri,1.41,http://dummyimage.com/222x100.png/ff4444/ffffff,60506 Everett Pass,Maecenas leo odio, condimentum id, luctus nec, molestie sed, justo. Pellentesque viverra pede ac diam. Cras pellentesque volutpat dui.
41470971,Maudie,1.82,http://dummyimage.com/188x100.png/dddddd/000000,1255 Schlimgen Terrace,Vestibulum ac est lacinia nisi venenatis tristique. Fusce congue, diam id ornare imperdiet, sapien urna pretium nisl, ut volutpat sapien arcu sed augue. Aliquam erat volutpat.
42220089,Ashly,2.07,http://dummyimage.com/219x100.png/cc0000/ffffff,23120 Swallow Alley,Sed ante. Vivamus tortor. Duis mattis egestas metus.
44453253,Gilligan,0.5,http://dummyimage.com/240x100.png/dddddd/000000,7625 Sutteridge Junction,Mauris enim leo, rhoncus sed, vestibulum sit amet, cursus id, turpis. Integer aliquet, massa id lobortis convallis, tortor risus dapibus augue, vel accumsan tellus nisi eu orci. Mauris lacinia sapien quis libero.
44561945,Michaella,1.13,http://dummyimage.com/173x100.png/dddddd/000000,7362 Summer Ridge Avenue,Sed ante. Vivamus tortor. Duis mattis egestas metus.
44918703,Shaw,2.79,http://dummyimage.com/224x100.png/dddddd/000000,367 Carpenter Hill,Donec diam neque, vestibulum eget, vulputate ut, ultrices vel, augue. Vestibulum ante ipsum primis in faucibus orci luctus et ultrices posuere cubilia Curae; Donec pharetra, magna vestibulum aliquet ultrices, erat tortor sollicitudin mi, sit amet lobortis sapien sapien non mi. Integer ac neque.
45215245,Orland,3.71,http://dummyimage.com/198x100.png/ff4444/ffffff,14654 Sherman Way,Duis bibendum. Morbi non quam nec dui luctus rutrum. Nulla tellus.
46030586,Berk,3.96,http://dummyimage.com/120x100.png/dddddd/000000,290 Chinook Plaza,Quisque id justo sit amet sapien dignissim vestibulum. Vestibulum ante ipsum primis in faucibus orci luctus et ultrices posuere cubilia Curae; Nulla dapibus dolor vel est. Donec odio justo, sollicitudin ut, suscipit a, feugiat et, eros.
47502421,Ash,2.23,http://dummyimage.com/113x100.png/5fa2dd/ffffff,0737 Main Pass,Maecenas ut massa quis augue luctus tincidunt. Nulla mollis molestie lorem. Quisque ut erat.
47538328,Dexter,0.96,http://dummyimage.com/186x100.png/ff4444/ffffff,83 Dexter Junction,Maecenas leo odio, condimentum id, luctus nec, molestie sed, justo. Pellentesque viverra pede ac diam. Cras pellentesque volutpat dui.
50583845,Tracy,0.74,http://dummyimage.com/173x100.png/cc0000/ffffff,7697 Judy Junction,Nullam sit amet turpis elementum ligula vehicula consequat. Morbi a ipsum. Integer a nibh.
51076474,Calley,3.27,http://dummyimage.com/156x100.png/cc0000/ffffff,326 Dennis Crossing,Duis aliquam convallis nunc. Proin at turpis a pede posuere nonummy. Integer non velit.
52822687,Leland,2.5,http://dummyimage.com/245x100.png/5fa2dd/ffffff,45 Dixon Place,Quisque porta volutpat erat. Quisque erat eros, viverra eget, congue eget, semper rutrum, nulla. Nunc purus.
53814666,Prudence,3.56,http://dummyimage.com/248x100.png/dddddd/000000,734 Hermina Drive,Lorem ipsum dolor sit amet, consectetuer adipiscing elit. Proin risus. Praesent lectus.
53850367,Rudolph,1.46,http://dummyimage.com/249x100.png/dddddd/000000,02305 Jenifer Terrace,In hac habitasse platea dictumst. Morbi vestibulum, velit id pretium iaculis, diam erat fermentum justo, nec condimentum neque sapien placerat ante. Nulla justo.
54118599,Beatrisa,3.33,http://dummyimage.com/216x100.png/5fa2dd/ffffff,87 Morrow Plaza,Nullam sit amet turpis elementum ligula vehicula consequat. Morbi a ipsum. Integer a nibh.
55153943,Carly,1.66,http://dummyimage.com/107x100.png/dddddd/000000,244 Gulseth Lane,Nullam sit amet turpis elementum ligula vehicula consequat. Morbi a ipsum. Integer a nibh.
55568062,Bevan,3.09,http://dummyimage.com/175x100.png/5fa2dd/ffffff,7863 Doe Crossing Center,Maecenas leo odio, condimentum id, luctus nec, molestie sed, justo. Pellentesque viverra pede ac diam. Cras pellentesque volutpat dui.
57490388,Tamara,3.37,http://dummyimage.com/207x100.png/cc0000/ffffff,3966 Brentwood Place,Proin interdum mauris non ligula pellentesque ultrices. Phasellus id sapien in sapien iaculis congue. Vivamus metus arcu, adipiscing molestie, hendrerit at, vulputate vitae, nisl.
57985509,Leticia,2.76,http://dummyimage.com/153x100.png/dddddd/000000,6 Mallard Point,Duis aliquam convallis nunc. Proin at turpis a pede posuere nonummy. Integer non velit.
